"ลำดับ ","ชื่อบริษัทจัดหางาน (ไทย) ","ชื่อบริษัทจัดหางาน (อังกฤษ) ","ชื่อผู้รับอนุญาต (ไทย) ","ชื่อผู้รับอนุญาต (อังกฤษ) ",เลขที่ใบอนุญาต,เลขที่ใบอนุญาต (อังกฤษ),"ที่อยู่ (ไทย) ","ที่อยู่ (อังกฤษ) ","โทรศัพท์ ","แฟ็กซ์ ","อีเมล/เว็บไซต์ ","หมายเหตุ "
1,มาลินโด จำกัด,"MALINDO RECRUITING AGENCY CO.,LTD.",นางโสภา ซาปัน,Mrs. Sopa Sapun,ต.8/2527,Tor. 8/2527,110 ซ.กิตติพานิช ถ.จันทร์สะพาน 3 แขวงทุ่งวัดดอน เขตสาทร กรุงเทพมหานคร 10120,"110 Soi Kittipanit, Chansapan 3 Road, Thungwatdon Sub-district, Sathon District, Bangkok",02-676-9216 (6สาย),02-676-0446,malindo@malindothai.com,-
2,ฟาเอซ (ประเทศไทย) จำกัด,"FA-EZ MANPOWER (THAILAND) CO.,LTD.",นายสุรพล เมืองทราย,Mr.Surapon Muangsai,ต.29/2527,Tor. 29/2527,62/1 ซ.จาริพิบูลย์ ถ.พิบูลย์สงคราม ต.บางเขน อ.เมืองนนทบุรี จ.นนทบุรี 11000,"62/1 Soi Jaripibul, Pibulsongkram Road, Bangkhen Sub-district, Muang Nonthaburi District, Nonthaburi",02-525-1577 / 02-526-4013,-,-,-
3,แซม อินเตอร์เนชั่นแนล เอ็นเตอร์ไพรส์ จำกัด,"SAM INTERNATIONAL ENTERPRISE MANPOWER CO.,LTD.",นางสาวปณุยนชุษดี์ ภูวิศป์ญัญาโชค,Miss Punyanuchdee Phuvitpanyachok,ต.109/2527,Tor. 109/2527,1084 ซ.ยิ้มพัฒนา 1 ถ.สุทธิสารวินิจฉัย แขวงรัชดาภิเษก เขตดินแดง กรุงเทพมหานคร 10400,"1084 Soi Yimpattana 1, Suthisarnwinitchai Road, Ratchadaphisek Sub-district, Dindaeng District, Bangkok",02-693-9124-5,02-693-7109,-,-
4,เทคโน-ไทย อินเตอร์เนชั่นแนล จำกัด,"TECHNO-THAI INTERNATIONAL MANPOWER CO.,LTD.",นายกานต์ ศรีเปารยะ,Mr. Garn Sripaurya,ต.110/2527,Tor. 110/2527,38/3-4 ชั้นที่ 1 ซ.ลาดพร้าว 15 ถ.ลาดพร้าว แขวงจอมพล เขตจตุจักร กรุงเทพมหานคร 10900,"38/3-4 Soi Ladprao15, Ladprao Road, Jompol Sub-district, Jatujak District, Bangkok",02-938-6921-27,02-938-6928 -29,garn@technothaimanpower.com,-
5,ไทยเลเบอร์ซัพพลาย จำกัด,"THAI LABOUR SUPPLY CO.,LTD.",นายชาตรี หลายปัญญา,Mr. Chatree Laipunya,ต.241/2527,Tor. 241/2527,"64, 66, 68 ซ.ถนนหมู่บ้านเศรษฐกิจ ถ.เพชรเกษม แขวงบางแคเหนือ เขตบางแค กรุงเทพมหานคร 10160","64,66,68 Soi Setthakit Village Road Lane, Pechkasem Road, Bangkae Nuae Sub-district, Bangkae District, Bangkok","02-809-1750-4 , 081-8704503",02-421-4944 / 02-809-1760,-,-
6,เจ.เจ.เอส.บางกอกดีวลีอปเม้นท์ จำกัด,"J.J.S.BANGKOK DEVELOPMENT & MANPOWER CO.,LTD.",นางสาวชญาณี มหาตมวดี,Miss Chayanee Mahatamawadee,ต.386/2528,Tor. 386/2528,259/333 ชั้น 2 อ.ยั่งยืนวงศ์ ถ.สุขุมวิท 71 แขวงพระโขนงเหนือ เขตคลองเตย กรุงเทพมหานคร 10110,"259/333 2nd Floor Yangyuenwong Building, Sukhumvit 71 Road, phrakhanongnua Sub-district,","02-3913499, 080-2362426",02-381-1800,warinporn@jjsbkk.com,-
7,วี.อาร์.เอส.แทรเวล คอร์ปอเรชั่น จำกัด,"V.R.S. TRAVEL CORPORATION AND MANPOWER CO.,LTD.",นางสาวปิยรัตน์ เจริญทรัพย์,Miss Piyarat Charoensup,ต.468/2528,Tor. 468/2528,86/1 ซอยรังสิต-นครนายก 26 ตําบลประชาธิปัตย์ อําเภอธัญบุรี จังหวัดปทุมธานี 12130,"86/1 Soi Rangsit-Nakornnayok 26, Prachathipat Sub-district, Thanyaburi District, Pathum Thani Province",02-0886389,-,htpp://www.nadl-manpower.co.th,-
8,วีแอล สยาม ดีเวลลอปเมนท์ จำกัด,"V L SIAM DEVELOPMENT MANPOWER CO.,LTD.",นางสาวพัชราภา การีโรจน์,Miss Phatcharapha Kareeroj,ต.646/2533,Tor. 646/2533,232/19 ซอยลาดพร้าว 93 (โชคชัย 3) ถนนลาดพร้าว แขวงคลองเจ้าคุณสิงห์ เขตวังทองหลาง กรุงเทพฯ 10310,"232/19 Soi Ladphrao 93(Chokchai3), Ladphrao Road, Klongchaokhunsing Sub-district, Wangthonglang District, Bangkok","02-5421398, 081-3168786",-,-,-
9,เอสโก้ จำกัด,"ESCO EMPLOYMENT SERVICE CO.,LTD.",นางสุรีพร สุขเกษม,Mrs. Sureeporn Sukkasem,ต.654/2533,Tor. 654/2533,25/1 ซอยมะขาม 1 ถ.มิตรพันธ์ แขวงป้อมปราบ เขตป้อมปราบศัตรูพ่าย กรุงเทพมหานคร 10100,"25/1 Soi MaKham 1, Mittrapan Road, Pomprab Sub-district, Pomprabsattrupai District, Bangkok","02-222-0489/02-225-7876, 080-4926636",02-224-4135,-,-
10,มาจู-จายา จำกัด,"MAJU-JAYA MANPOWER CO.,LTD.",นายธาดา แดนลินจงเด่น,Mr. Thada Danlinjongden,ต.683/2534,Tor 683/2534,456/73 ม.12 ซอยศูนย์การค้าประตูน้ำ ถ.มิตรภาพ ต.เมืองเก่า อ.เมืองขอนแก่น จ.ขอนแก่น 40000,"456/73, Soi Pratunam Shopping Center, Mittraphap Road, Moo 12, Muangkao Sub-district, Muang Khonkaen District, Khonkaen Province","043-472-648, 084-7034222",043-472-636,majujaya@majujayamanpower.com,-
11,กรุงเทพซันฮวดเทรดดิ้ง จำกัด,"SUN FAR TRADING MANPOWER (BANGKOK) CO.,LTD.",นายธนพัฒน์ ศิริสุข,MR.THANAPHAT SIRISOOK,ต.698/2534,Tor. 698/2534,48/63 หมู่ที่ 3 ซอยรามอินทรา 19 ถนนรามอินทรา แขวงอนุสาวรีย์ เขตบางเขน กรุงเทพมหานคร 10220,"48/63, Moo 3, Soi Ramindra 19, Ramindra Road, Anusaowaree Sub-district, Bangkhen District, Bangkok",02-970-7544,02-970-7558,-,-
12,ลิ้งค์โปรอินเตอร์เนชั่นแนล จำกัด,"LINKPRO INTERNATIONAL PLACEMENT CO., LTD.",นายวิชิต ศรีสิทธิเดชารักษ์,Mr. Wichit Srisittidecharak,ต.715/2534,Tor 715/2534,7 ชั้นที่ 1 ซ.นาคนิวาส 57 ถ.นาคนิวาส แขวงลาดพร้าว เขตลาดพร้าว กรุงเทพมหานคร 10230,"7 1stFloor, Soi Nakniwat 57, Nakniwat Road, Ladprao Sub-district,",02-932-9527-8,02-932-9530,-,-
13,พนไพศาล จำกัด,"PANAPAISAL RECRUITMENT CO.,LTD.",นางสุจีน ภูษิตวรกุล,Mrs. Sucheen Pusitvarakul,ต.723/2534,Tor 723/2534,430 หมู่ที่ 5 ต.ห้วยสัก อ.เมืองเชียงราย จ.เชียงราย 57000,"430 Moo 5, Huaisak Sub-district, Muang Chiangrai District, Chiangrai Province,","053-740-281, 081-8902155",-,-,-
14,ที ที เอ็ม จำกัด,"TTM MANPOWER CO.,LTD.",นายวิสุทธิ์ สุทธิภาศิลป์,Mr.Visuth Suthiphasilp,ต.726/2534,Tor 726/2534,7 หมู่บ้านประชานิเวศน์ 2 ซ.ประชาชื่น 9 ถ.ประชาชื่น ต.ท่าทราย อ.เมืองนนทบุรี จ.นนทบุรี 11000,"7 Prachaniwes 2 Village, Soi Prachachuen 9, Prachachuen Road, Thatray Sub-district, Muang Nonthaburi District, Nonthaburi Province",02-980-2021-3,"02-980-2025, 02-980-0228",-,-
15,บ๊อสส์ดีไล้ท์ แมนพาวเวอร์ จำกัด,"BOSS DELIGHT MANPOWER CO.,LTD.",นางสาวอรัญญา สกุลโกศล,Miss Aranya Sakulkosol,ต.729/2534,Tor 729/2534,290/201 ซอยลาดพร้าว 84 (สังคมสงเคราะห์ใต้ 1) แขวงวังทองหลาง เขตวังทองหลาง กรุงเทพฯ 10310,"290/201 Soi Ladphro 84 (Sangkomsongkhrotai 1), Wangthonglang Sub-district, Wangthonglang District, Bangkok",085-1000058,-,bossdelight@hotmail.com / www.bossdelight.com,-
16,เค.แอล.พร็อพเพอร์ตี้ จำกัด,"K.L.PROPERTY MANPOWER CO.,LTD.",นางสาววริฐา รัตนารักษ์,Miss Varita Ruttanaruks,ต.735/2534,Tor 735/2534,50/73 ม.5 ถ.แจ้งวัฒนะ ต.ปากเกร็ด อ.ปากเกร็ด จ.นนทบุรี 11120,"50/75 Chaengwattana Road, Moo 5, Pakkret Sub-district, Pakkret District, Nonthaburi Province",02-583-4571-2 / 02-584-6862,-,www.klmanpower.com,-
17,บิ๊กวัน โอเวอร์ซี จำกัด,"BIG ONE OVERSEA MANPOWER CO.,LTD.",นายวิชัย ประเสริฐสิทธิ์,Mr. Wichai Prahsertsit,ต.757/2535,Tor 757/2535,366/9 ม.1 ซ.บ้านหนองขอนกว้าง ต.หมากแข้ง อ.เมือง จ.อุดรธานี 41000,"366/9 Moo 1, Bannongkhonkwang Sub-street, Makkhaeng Sub-district, Muang Udonthani District, Udonthani Province","042-241-357, 091-8688724",042-325-929,-,-
18,ไทยซินแทค แทรเวล เซอร์วิส จำกัด,"THAI SYNTAX TRAVEL SERVICE MANPOWER CO.,LTD.",นางจินตนา อัศวทวีโชคชัย,Mrs. Jintana Assawathaweechokechai,ต.764/2535,Tor 764/2535,เลขที่ 2 ชั้นที่ 1 ซ.ปุณณวิถี 31 ถ.สุขุมวิท 101 แขวงบางจาก เขตพระโขนง กรุงเทพมหานคร 10260,"2 1st Floor, Soi Punnavithi, Sukhumvit 101 Road, Bangjak Sub-district, Phrakhanong District, Bangkok",02-730-5622-25,02-730-5620,-,-
19,เค.เอส.แมนเพาเวอร์ ซัพพลาย จำกัด,"K.S. MANPOWER SUPPLY CO.,LTD.",นางสุจิตตราภรณ์ ศิริวรรณพร,Mrs. Sujittraporn Siriwonporn,ต.843/2537,Tor 843/2537,3104/1-2 ซ.ลาดพร้าว 130 ถนนลาดพร้าว แขวงคลองจั่น เขตบางกะปิ กรุงเทพมหานคร 10240,"3104/1-2 Soi Ladprao 130, Ladprao Road, Klongchan Sub-district, Bangkapi District, Bangkok","02-731-2600 (12 สาย), 081-8246122",02-375-7599 / 02-731-2745,skman@ksc.th.com,-
20,วินซ์ เพลสเมนท์ จำกัด,"VINC PLACEMENT CO.,LTD.",นายอวิรุทธ์ วุฒิโชติวรกิจ,Mr.Avirut Vutthichotvarakit,ต.887/2539,Tor 887/2539,163/1 ม.12 ถ.นวลจันทร์ แขวงนวลจันทร์ เขตบึงกุ่ม กรุงเทพมหานคร 10230,"163/1 Moo.12 Nuanchan Road, Nuanchan Sub-district, Buengkum District, Bangkok","02-9499572, 086-0406909",02-949-9891,www.vincplacement.com,-
21,ไทยเวิร์คเกอร์ เอ็นเทอร์ไพรส์ จำกัด,"THAI WORKER ENTERPRISE RECRUITMENT CO.,LTD.",นายอนุพงษ์ วิเศษจินดาวัฒน์,Mr. Anupong Viseschindavat,ต.911/2541,Tor 911/2541,99/98 ม.7 ต.บางเสาธง อ.บางเสาธง จ.สมุทรปราการ 10570,"99/98 Mu 7, Bangsaothung Sub-district, Bangsaothung District, Samutprakarn",02-705-5627-9,-,thworker@cscoms.com,-
22,บลิเดอร์ส จำกัด,"BUILDERS OVERSEAS EMPLOYMENT CO.,LTD.",นางสาวศราวดี กุลถวายพร,Miss. Sarawadee Kultawaiporn,ต.915/2541,Tor 915/2541,3104/5 ชั้นที่ 1 ถ.ลาดพร้าว ซ.ลาดพร้าว 130 แขวงคลองจั่น เขตบางกะปิ กรุงเทพมหานคร 10240,"3104/5 1st Floor, Soi Ladprao 130, Ladprao Road, Klongchan Sub-district, Bangkapi District, Bangkok","02-733-9059, 081-8414383",02-375-7599,info@kamanpower.com,-
23,สเปคทรัม โอเวอร์ซี เอ็นเตอร์ไพรส์ จำกัด,"SPECTRUM OVERSEA ENTERPRISE RECRUITMENT CO.,LTD.",นายสุธี ตุนโย,Mr. Suthee Tunyo,ต.930/2541,Tor 930/2541,41/18 ซ.พหลโยธิน 32 ถ.เสนานิคม 1 แขวงลาดยาว เขตจตุจักร กรุงเทพมหานคร 10900,"41/18, Soi Phaholyothin 32, Ladyao Sub-district, Chatujak District, Bangkok,",02-561-5098 / 081-8014144,02-561-1016,-,-
24,เซ้นท์ เมอริท จำกัด,"SAINT MERIT PLACEMENT CO.,LTD.",นางณิชา เกิดแสงดวง,Mrs. Nicha Koedsaengduang,ต.948/2542,Tor. 948/2542,636/9 ซ.รามคำแหง 39 (เทพลีลา 1) ถ.ประชาอุทิศ แขวงวังทองหลาง เขตวังทองหลาง กรุงเทพมหานคร 10310,"636/9, Soi Ramkhamhaeng 39 (Thepleela 1), Pracha-Uthit Road, Wangthonglang Sub-district,",02-934-7900,02-934-7906-7,-,-
25,คันทรี่ อินเตอร์เนชั่นแนล จำกัด,"COUNTRY INTERNATIONAL PLACEMENT CO.,LTD.",นางสาวอำนวย สอาด,Mrs. Amnuay Saard,ต.959/2542,Tor 959/2542,227-228 ม.12 ถ.เพชรเกษม แขวงหนองค้างพลู เขตหนองแขม กรุงเทพมหานคร 10160,"227-228 Soi Petchkasem 73/2, Nongkangploo Sub-district, Nongkaem District, Bangkok,","02-809-8535-6, 081-3096466",02-809-8534,country@truemail.co.th,-
26,บางกอก วินนิ่ง กรุ๊พ จำกัด,"BANGKOK WINNING GROUP MANPOWER CO.,LTD.",นางลักษณา สิทธิวัง,Mrs. Laksana Sitthiwang,ต.960/2542,Tor 960/2542,116/1 ซ.รามอินทรา 23 ถ.รามอินทรา แขวงอนุสาวรีย์ เขตบางเขน กรุงเทพมหานคร 10220,"116/1 Soi Ramintra 23, Anusaowaree Sub-district, Bangkhen District, Bangkok,",02-970-9341 -50,02-970-9343,-,-
27,ท็อปเทีย จำกัด,"TOP TIER MANPOWER CO.,LTD.",นายสุรชัย หวังวัฒนานุกุล,Mr. Surachai Wangwattananukul,ต.966/2542,Tor 966/2542,"334,336,338 ถ.บรมราชชนนี แขวงบางบำหรุ เขตบางพลัด กรุงเทพมหานคร 10160","334,336,338 Boromratchonni Road, Bangbamru Sub-district, Bangplad District, Bangkok,",02-4334117-8,-,-,-
28,เอสพี ลีดเดอร์ อินเตอร์เนชั่นแนล กรุ๊ป จำกัด,"SP LEADER INTERNATIONAL GROUP EMPLOYMENT CO.,LTD.",นายพิพัฒน์ นวสมิตวงศ์,Mr.Pipat Nawasamittawong,ต.974/2543,Tor 974/2543,129/195 ชั้น 1-2 ซอยนวมินทร์ 163 หมู่ 11 แขวงนวลจันทร์ เขตบึงกุ่ม กรุงเทพมหานคร 10230,"129/195 1st-2nd Floor, Nawamin 163 Alley , Mu 11, Nuanchan Sub-district, Buengkum District, Bangkok",02-930-7214-7,02-930-7217,spleader@ji-net.com,-
29,เอส.พี.ที.อินเตอร์แมเนจเม้นท์ จำกัด,"S.P.T.INTERMANAGEMENT MANPOWER CO.,LTD.",นางสาวกนกวรรณ แซ่หลี่,Miss Kanokwan Sae-Li,ต.977/2543,Tor 977/2543,456 ถ.ลาดพร้าว-วังหิน แขวงลาดพร้าว เขตลาดพร้าว กรุงเทพมหานคร 10230,"456 Ladprao-Wanghin Road, Ladprao Sub-district, Ladprao District, Bangkok","02-539-8337 / 02-539-8346, 081-6404161",02-539-8302,Chong-2005@hotmail.com,-
30,วี ดรากอน จำกัด,"V.DRAGON RECRUITMENT CO.,LTD.",นายอนุชา อินทะชัย,Mr.Anucha Inthachai,ต.980/2543,Tor 980/2543,1433 ชั้นที่ 1 ซ.ลาดพร้าว 94 (ปัญจมิตร) แขวงวังทองหลาง เขตวังทองหลาง กรุงเทพมหานคร 10310,"1433 1st Floor Soi Ladprao 94(Phanjamit) Plabpla Sub-District, Wangthonglang District,",02-530-9050-3,02-949-0853,info@vdragon.net,-
31,ซี แอล ซี อินเตอร์เนชั่นแนล (1999) จำกัด,"C L C INTERNATIONAL RECRUITMENT (1999) CO.,LTD.",นายจุติเสฏฐ์ ฐิติวณิชกุล,Mr.Chutiseth Thitiwanitkul,ต.984/2543,Tor 984/2543,1/1 ซ. เจริญนคร 53 ถ. เจริญนคร แขวงบางลำภูล่าง เขตคลองสาน กรุงเทพมหานคร 10600,"1/1 Soi Charoennakorn 53, Charoennakorn Road, Banglumphulang Sub-District, Khlongsan District, Bangkok","02-4377-501, 02-4373-515",-,-,-
32,ไทยอัศวเลิศ จำกัด,"THAI ASAWALERT MANPOWER CO.,LTD.",นางสาวรวินท์ธนัย อัศวทวีโชคชัย,Miss Lavinthun Assawathawechokchai,ต.990/2543,Tor 990/2543,ชั้น 2A ซ.ปุณณวิถี 31 ถ.สุขุมวิท 101 แขวงบางจาก เขตพระโขนง กรุงเทพมหานคร 10260,"2 2nd Floor, Soi Punnavithi 31, Sukhumvit 101 Road, Bangjak Sub-district, Phrakhanong District, Bangkok",02-730-5626,02-730-5620,-,-
33,ที ดับบลิว จำกัด,"T W MANPOWER CO.,LTD.",นายวิชระ สำเร็จตระกูล,Mr. Wachira Samrettrakun,ต.1014/2544,Tor 1014/2544,59/1 ซ.ลาดพร้าว 71 ถ.ลาดพร้าว แขวงสะพานสอง เขตวังทองหลาง กรุงเทพมหานคร 10310,"59/1, Soi Ladprao 71, Ladprao Road, Saphansong Sub-district, Wangthonglang District, Bangkok,",02-539-7143-7,02-539-2524,-,-
34,เซบา เอ็นเตอร์ไพร์ส จำกัด,"SHEBAH ENTERPRISE PLACEMENT CO.,LTD.",นายปภณวัชร บุญดาวิจิตร,Mrs.Paphonwat Boondavijit,ต. 1020/2544,Tor 1020/2544,20 ซอยนาคนิวาส 21 ถนนนาคนิวาส แขวงลาดพร้าว เขตลาดพร้าว กรุงเทพมหานคร 10230,"20, Soi Nakniwat21, Nakniwat Road, Ladprao Sub-district, Ladprao District, Bangkok,",02-538-6646,-,svlth@yahoo.com,-
35,สยาม เวิร์ค แทรเวล จำกัด,"SIAM WORK TRAVEL PLACEMENT CO.,LTD.",นางสาววิโรชา แซ่ผ่ง,Miss Virocha Saepong,ต.1022/2544,Tor 1022/2544,126/273 ซ.รามอินทรา 40 แขวงนวลจันทร์ เขตบึงกุ่ม กรุงเทพมหานคร 10230,"126/273 , Soi Ramintra 40, Nuanchan Sub-district, Buengkum District, Bangkok,",02-509-5320-1 ต่อ 112 / 02-509-5376,-,-,-
36,เอ็น.ที.เค บิสซิเนส จำกัด,"N.T.K BUSINESS MANPOWER CO.,LTD.",นายสุทธิโรจน์ นันทิภาคย์วรกุล,Mr. Sutthirot Nanthiphakworakul,ต.1035/2544,Tor 1035/2544,89/27 ถ.ริมคลองประปาฝั่งขวา แขวงบางซื่อ เขตบางซื่อ กรุงเทพมหานคร 10800,"89/27 Rimkhlongprapa Fang Khwa Road, Bangsue Sub-district, Bangsue District, Bangkok,",02-556-0638-9,02-910-3001,-,-
37,อุดร เอ็น ที ยูเนี่ยน จำกัด,"UDON NT UNION MANPOWER CO.,LTD.",นางนิภาพร ธนภัทโรดม,Mrs. Nipaporn Tanapatrodom,ต.1036/2544,Tor 1036/2544,559/193 ม.2 ซ.บ้านโพธิ์สว่าง ต.หมากแข้ง อ.เมืองอุดรธานี จ.อุดรธานี 41000,"599/193 Moo 2, Soi Banphosawang, Makkhaeng Sub-district, Muang Udonthani District, Udonthani Province,",042-348-832,-,info@udonnt-manpower.com,-
38,ดับเบิลยูแอล เอช บิสซิเนส จำกัด,"WLH BUSINESS MANPOWER CO.,LTD.",นางสาวทัตติการณ์ เมืองทราย,Miss Thattikarn Muangsai,ต.1040/2545,,62/3 ซ.จาริพิบูลย์ ถ.พิบูลสงคราม ต.บางเขน อ.เมืองนนทบุรี จ.นนทบุรี 11000,"62/3, Soi Jaripibul, Pibulsongkram Road, Bangkhen Sub-district, Muang Nonthaburi District, Nonthabur",02-527-7913,-,-,-
39,สล็อท อินเตอร์เนชั่นแนล จำกัด,"SLOT INTERNATIONAL MANPOWER RECRUITMENT CO.,LTD.",นายสุรศักดิ์ แต้ตระกูล,Mr.Surasak Taetragool,ต.1042/2545,Tor 1042/2545,1845/1-4 ถ.พหลโยธิน แขวงลาดยาว เขตจตุจักร กรุงเทพมหานคร 10900,"1845/1-4 Phaholyothin Road, Ladyao Sub-district, Jatujak District, Bangkok,",02-511-0889 / 02-511-4487,02-939-6157,www.slot.co.th,-
40,เอ.เค.แกรนด์ จำกัด,"A. K. GRAND PLACEMENT CO.,LTD.",นางสาวรัชนีกร แก้วพารา,Mr.Ratchaneekorn Kaewphara,ต.1044/2545,Tor 1044/2545,163 ม.12 ถ.นวลจันทร์ แขวงคลองกุ่ม เขตบึงกุ่ม กรุงเทพมหานคร 10230,"163 Moo.12 Nuanchan Road, Nuanchan Sub-district, Buengkum District, Bangkok",02-949-9572,02-949-9891,info@akgrand.com yongan@akagrand.com,-
41,ที.เอช.กรีน จำกัด,"T.H. GREEN MANPOWER CO., LTD",นางสาวนภารัตน์ เรืองสวัสดิ์,Miss Naparat Rueangsawat,ต.1063/2546,Tor 1063/2546,1441 ชั้น 1 ซ.ลาดพร้าว 94 (ปัญจมิตร) ถ.ลาดพร้าว แขวงพลับพลา เขตวังทองหลาง กรุงเทพมหานคร 10310,"1441, Soi Ladprao 94, Ladprao Road, Phlapphla Sub-district, Wangthonglang District, Bangkok,","02-530-7910- 16, 081-9919921",02-530-7918-9,-,-
42,เอสพีที ซัพพลาย อินเตอร์เนชั่นแนล จำกัด,"SPT SUPPLY INTERNATIONAL MANPOWER CO.,LTD.",นางสุจิตรา ลาภธีรวุฒิ,Mrs. Sujittra Laptheerawut,ต.1069/2546,Tor 1069/2546,104/12 ซอยขุมทรัพย์นคร ถนนพุทธมณฑลสาย 3 แขวงศาลาธรรมสพน์ เขตทวีวัฒนา กรุงเทพมหานคร 10230,"104/12, Soi Khumsapnakhon, Phutthamonthon Sai 3 Road, Salatharmmasop Sub-district, Thawiwatthana District, Bangkok,",02-441-4611,-,-,-
43,แม่บ้านฮ่องกง จำกัด,"HONG KONG MAID EMPLOYMENT CO.,LTD.",นายสกนธ์กาณฑ์ คำภา,Mr. Sakonkan Khampha,ต.1070/2546,Tor 1070/2546,68-70 ถ.สุทธิสารวินิจฉัย แขวงสามเสนใน เขตพญาไท กรุงเทพมหานคร 10400,"68-70 Sutthisanvinitchai Road, Samsennai Sub-district, Phayathai District, Bangkok,",02-615-4300 - 2,02-615-4303,hkmaidth@hotmail.com,-
44,รุ่งชีวิน จำกัด,"RUNGCHEEWIN RECRUITMENT CO.,LTD",นายกำธร ชีวินจรุงพนา,Mr. Kamthon Cheewinjarungpana,ต.1071/2546,Tor 1071/2546,319 ซ.ร่มเกล้า 58 หมู่บ้านรุ่งกิจวิลล่า 9 แขวงคลองสามประเวศ เขตลาดกระบัง กรุงเทพมหานคร 10520,"319 Soi Romklao 58, Klongsampravet Sub-district, Latkrabang District, Bangkok,",02-360-8280-3,02-360-8279,rung313@hotmail.com,-
45,ไทยดีเลิศ เอ็นเตอร์ไพรส์ จำกัด,"THAI DEE LEARD EMTERPRISE MANPOWER CO.,LTD.",นายชาตรี มุ่งมั่นวิริยหาร,Mr.Chatree Mungmanviriyahan,ต.1076/2547,Tor 1076/2547,49/120-121 ม.2 ซ.ต้นแทน ถ.แจ้งวัฒนะ ต.บางตลาด อ.ปากเกร็ด จ.นนทบุรี 11120,"49/120-121 Mu 2, Soi Tonthaen, Jaengwattana Road, Bangtalard Sub-district, Pakkret District, Nonthaburi Province,","02-9622301-2, 089-636-0685, 081-839-9648",-,tdle@asianet.co.th,-
46,จูงไข อินเตอร์เนชั่นแนล (ประเทศไทย) จำกัด,"JUNGKAI INTERMATIONAL (THAILAND) CO.,LTD.",นายธีร์ธนิต เจียงธนไพศาล,Mr. Titanit Jiangtanapaisal,ต.1088/2548,Tor. 1088/2548,889/15 ซ.หมู่บ้านภาณุช ถ.ประชาราษฎร์บำเพ็ญ 26 แขวงสามเสนนอก เขตห้วยขวาง กรุงเทพมหานคร 10310,"889/15 Soi Mubanphanut, Pracharadbamphen 26 Road, Samsennok Sub-district, Huaykwang District, Bangkok,","02-691-6891-2, 086-8276515",02-691-6893,"jungkai@truemail.co.th, thajunkai@hotmail.com",-
47,ที.เอ็น.วาย. ไทรนิตี้ จำกัด,"T.N.Y.TRINITY MANPOWER CO., LTD.",นางสาวกฤษณา แซ่ย่าง,Miss Kridsana Sae-Yang,ต.1089/2548,Tor. 1089/2548,1213/378 หมู่บ้านศรีวราทาวน์อิน ทาวน์ ซ.ลาดพร้าว 94 (ปัญจมิตร) ถ.ลาดพร้าว แขวงวังทองหลาง เขตวังทองหลาง กรุงเทพมหานคร 10310,"1213/378 Mooban Sriwara Town in Town, Soi Ladprao 94 (Phanjamith), Ladprao Road, Wangthonglang Sub-district, Wangthonglang District, Bangkok,",02-559-2359 / 02-530-8152,02-530-7922,-,-
48,บานซิง จำกัด,"BANSING MANPOWER CO.,LTD.",นายชาย อย่างรวย,Mr. Chai Yangruay,ต.1092/2548,Tor 1092/2548,41/349 ม.12 แขวงคลองกุ่ม เขตบึงกุ่ม กรุงเทพมหานคร 10230,"41/349 Mu 12, Klongkum Sub-district, Buengkum District, Bangkok,",02-363-4318-21,02-363-4322,bangsing726@hotmail.com,-
49,เจ.แอล.เอเจนซี่ จำกัด,"J.L. AGENCY RECRUITMENT CO.,LTD.",นายวรพล แซ่โจว,Mr. Vorapol Saejow,ต.1093/2548,Tor 1093/2548,111/2-3 ม.1 ตําบลบึงยี่โถ อําเภอธัญบุรี จังหวัดปทุมธานี 12130,"111/2-3, Moo 1, Bengyeto Sub-district, Thanyaburi District, Phathumthani Province,",02-577-2113,-,-,-
50,ทีเจ ดับเบิ้ล พลัส จำกัด,"TJ DOUBLR PLUS RECRUITMENT CO.,LTD",นายธวัชชัย เพฑูรย์สิทธิชัย,Mr.Thawatchai Patoonsittichai,ต.1099/2549,Tor 1099/2549,9 ซอยบางนา-ตราด 19 แยก 12 แขวงบางนาเหนือ เขตบางนา กรุงเทพมหานคร 10260,"9 Soi Bangna-Trad 19, Intersection 12, Bangna Nuea Subdistrict, Bangna District, Bangkok","02-737-6802-3, 063-1945689",02-737-6804,-,-
51,หมิงเซิ่ง อินเตอร์เนชั่นแนล เซอร์วิส จำกัด,"MINGSENG INTERNATIONAL MANPOWER SERVICE CO.,LTD.",นายจื๋อ-เหว่ย ชิว,Mr. Tzu-wei Chiu,ต.1101/2549,Tor 1101/2549,56/40 ซอยนวมินทร์ 70 แขวงคลองกุ่ม เขตบึงกุ่ม กรุงเทพมหานคร 10230,-,02-988-9280-1 / 02-988-9258,02-988-9259,mingseng@msn.com,เพิกถอนตามคำสั่งนายทะเบียนจัดหางานกลางที่ 3/2568
52,แกรนด์ เบ็ตเตอร์ จำกัด,"GRAND BETTER MANPOWER CO.,LTD.",นางสาวลดาวรรณ เรืองแก้ว,Miss Ladawan Rueangkaeo,ต.1109/2550,Tor 1109/2550,1201/16 ซอยลาดพร้าว 94 (ปัญจมิตร) แขวงพลับพลา เขตวังทองหลาง กรุงเทพมหานคร 10310,"1201/16, Soi Ladprao 94 (Panjamit), Plubpla Sub-district, Wangthonglang District, Bangkok,","02-530-9903, 02-530-9906",-,-,-
53,สุวรรณภูมิ ฮิวแมน ซัพพลาย จำกัด,"SUVARNABHUMI HUMAN SUPPLY PLACEMENT CO.,LTD.",นายภูมิภัทร แซ่หลี่,Mr. Phumphat Saelee,ต.1113/2550,Tor 1113/2550,1/52 หมู่บ้านแฮปปี้แลนด์แกรนด์วิลล์ ซ.ลาดพร้าว 101 ซ.53 แขวงคลองจั่น เขตบางกะปิ กรุงเทพมหานคร 10240,"1/52 Soi Ladprao 101 Soi 53, Klongchan Sub-district, Bangkapi District, Bangkok,",02-348-0200-1,02-348-0202,Kwunangxiang2008@msn.com,-
54,อุบลไทยเวลเดอร์ จำกัด,"UBONTHAI WELDER MANPOWER CO.,LTD.",นางกรุณา คณานิจกิจไพบูลย์,Mrs.Karuna Khananitkitphaibun,ต.1115/2551,Tor 1115/2551,28/8 หมู่ที่ 9 ตําบลคําขวาง อําเภอวารินชําราบ จังหวัดอุบลราชธานี 34190,"28/8 Mu 9, Khamkwang Sub-district, Warinchamrap District, Ubonratchatani Province","045-425-067, 097-9638953",045-268-199,-,-
55,ทรู โพซิชั่น จำกัด,"TRUE POSITION MANPOWER CO.,LTD.",นางวรรณพร ฉือ,Mrs.Wannaporn Hsu,ต.1117/2551,Tor 1117/2551,25 ซอยนาคนิวาส 25 ถนนนาคนิวาส แขวงลาดพร้าว เขตลาดพร้าว กรุงเทพมหานคร 10230,"25 Soi Nakniwat 25, Nakniwat Road, Ladprao Sub-district, Ladprao District, Bangkok,","02-932-5335-6, 0819386322",02-932-5300,-,-
56,เค.พี.ดับเบิลยู.อินเตอร์เนชั่นแนล เซอร์วิส จำกัด,"K.P.W.INTERNATIONAL MANPOWER SUPPLY & SERVICE CO.,LTD.",นางวาสนา สุวรรณราช,Mrs.Wassana Suvannarat,ต.1120/2551,Tor 1120/2551,70/19 หมู่ 7 ต.สุรศักดิ์ อ.ศรีราชา จ.ชลบุรี 20110,"70/19, Moo 7, Surasak Sub-district, Si Racha District, Chonburi Province,","038-339312, 081-523-5931, 089-510-6130",-,-,-
57,โอ อี เอ็ม โอเวอร์ซี จำกัด,"O E M OVERSEA MANPOWER CO.,LTD.",นางสาวสมหญิง แซ่เจียง,Miss Somying Saechiang,ต.1121/2551,Tor 1121/2551,"1462,1464 ถ.สุทธิสารวินิจฉัย แขวงดินแดง เขตดินแดง กรุงเทพมหานคร 10400","1462,1464 Sutthisarnwinitchai Road, Dindaeng Sub-district, Dindaeng District, Bangkok,",02-693-9224 - 5,02-693-6656,-,-
58,ไทนิชิ ยูโก จำกัด,"TAINICHI YUKO RECRUITMENT CO.,LTD.",นางวิไลพร ชคตระการ,Mrs. Vilaipon Chakhatrakan,ต.1128/2552,Tor 1128/2552,180/149 ถ.สุขุมวิท ม.5 ต.บ้านฉาง อ.บ้านฉาง จ.ระยอง 21130,"180/149 Moo 5, Sukumvit Road, Banchang Sub-district, Banchang District, Rayong Province,","038-030-303, 038-030-374, 081-845-8641",-,-,-
59,เจ.ไอ.เอ็น อินเตอร์เนชั่นแนล จำกัด,"J.I.N.INTERNATIONAL RECRUITMENT CO.,LTD.",นางจิณณ์พศิกา โพธิ์งาม,Mrs. Jinphasika Pho-ngarm,ต.1133/2552,Tor 1133/2552,209/91 ม.6 ซ.พงษ์เพชรพัฒนา ถ.งามวงค์วาน แขวงทุ่งสองห้อง เขตหลักสี่ กรุงเทพมหานคร 10210,"209/91 Moo 6, Ngamwongwan Road, Thungsonghong Sub-district, Laksi District, Bangkok,",081-8679954,-,"j.i.n_inter@hotmail.com, skype;jinphasika",-
60,เค.ซี.คิวบ์ จำกัด,"K.C. CUBE MANPOWER CO.,LTD.",นางสาวสาวิตรี แซ่ย่าง,Miss Sawittree Saeyang,ต.1134/2552,Tor 1134/2552,1213/371 ซ.ลาดพร้าว 94 (ปัญจมิตร) ถ.ลาดพร้าว เขตวังทองหลาง แขวงวังทองหลาง กรุงเทพมหานคร 10310,"1213/371 Soi Ladprao 94 (Panjamit), Ladprao Road, Wangthonglang Sub-district,",02-559-0919,02-559-0918,-,-
61,อุดร เอส.เค.เอ็ม.อินเตอร์เนชั่นแนล (2001) จำกัด,"UDON S.K.M.INTERNATIONAL (2001) MANPOWER CO.,LTD.",นางสาวพีรญา สมพงษ์,Miss Peeraya Sompong,ต.1140/2553,Tor 1140/2553,231/143 ถ.อุดรดุษฎี ต.หมากแข้ง อ.เมืองอุดรธานี จ.อุดรธานี 41000,"231/143 Udondusadi Road, Makkhaeng Sub-district, Muang Udonthani District, Udonthani Province,",042-324-587,-,-,-
62,อันเลอร์ เอ็กซ์เพรส จำกัด,"ANLER EXPRESS MANPOWER CO.,LTD.",นางสาวมยุรี แซ่ลี,Miss Mayura Sae-Lee,ต.1142/2553,Tor 1142/2553,1213/319 ซ.ลาดพร้าว 94 (ปัญจมิตร) ถ.ลาดพร้าว แขวงวังทองหลาง เขตวังทองหลาง กรุงเทพมหานคร 10310,"1213/319 Soi Ladprao 94 (Phanjamith) Phlabphla Sub-district, Wangthonglang District, Bangkok,",02-559-2898,-,-,-
63,นอร์ทอีสท์ โอเวอร์ซี (ไทยแลนด์) จำกัด,"NORTHEAST OVERSEAS RECRUITMENT (THAILAND) CO.,LTD",นายธีระวุฒิ ธนภัทโรดม,Mr. Teerawut Tanapatrodom,ต.1151/2554,Tor 1151/2554,339/37 หมู่ที่ 14 ซอยบ้านเก่าจาน ถนนประชาสันติ ตำบลหมากแข้ง อำเภอเมืองอุดรธานี จังหวัดอุดรธานี 41000,"339/37 Moo. 14, Ban Kao Chan Alley, Prachasanti Road, Mak Khaeng Subdistrict, Mueang Udon Thani District, Udon Thani Province",042-249-393,042-249-394,-,-
64,เอฟ เอ็ม เอส เอ็นเตอร์ไพรส์ จำกัด,"F M S ENTERPRISE RECRUIMENT CO.,LTD.",นางกัณณรัตน์ กิจสมบูรณ์ชัย,Mrs. Kannarat Kitsomboonchai,ต.1153/2554,Tor 1153/2554,11/43 ซอยนวลจันทร์ 30 แขวงนวลจันทร์ เขตบึงกุ่ม กรุงเทพมหานคร 10230,"11/43, Soi Nuan Chan 30, Nuan Chan Sub-district, Bueng Kum District, Bangkok,",02-946-2570,-,-,-
65,บี.เอ็ม.เอ็ม.บิลเลี่ยน จำกัด,"B.M.M.BILLION MANPOWER CO.,LTD.",นายสุรชัย วิริยสถาพรพงศ์,Mr. Surachai Wiriyasathapornpong,ต.1156/2554,Tor 1156/2554,8 ซ.นาคนิวาส 48 ถ.นาคนิวาส แขวงลาดพร้าว เขตลาดพร้าว กรุงเทพมหานคร 10230,"8, Soi Nakniwat 48, Nakniwat Road, Ladprao Sub-district, Ladprao District, Bangkok,","02-542-3875, 0850745522, 0878112668",-,-,-
66,ไทย ออลไรท์ คอนซัลแทนท์ แอนด์ ดีเวลอปเม้นท์ จำกัด,"THAI ALLRIGHT CONSULTANT & DEVELOPMENT MANPOWER CO.,LTD.",นางสาวเมสินนีนัทน์ ปกรณ์โกวิน,Miss Maysineenun Pakornkovin,ต.1157/2554,Tor 1157/2554,458 ถ.วัชรพล แขวงท่าแร้ง เขตบางเขน กรุงเทพมหานคร 10220,"458 Wacharaphol Road, Tharaeng Sub-district, Bangkhen District, Bangkok,","02-949-8765, 081-808-9542",-,-,-
67,ชินชัย อินเตอร์เนชั่นแนล จำกัด,"CHIN CHAI MANPOWER INTERNATIONAL CO., LTD.",นายชินวัฒน์ ใจกุศลสูงยิ่ง,Mr. Chinawat Jaikusolsoongying,ต.1161/2554,Tor 1161/2554,111/14 ซ.รามอินทรา 40 หมู่บ้านพรีเมี่ยมเพลส แขวงนวลจันทร์ เขตบึงกุ่ม กรุงเทพมหานคร 10230,"111/14 Soi Ramintra 40, Premium Place Village, Nuanchan Sub-district, Buengkum District, Bangkok,",02-187-1114,-,-,-
68,บอร์เดอร์เลส ทาเล้นท์ โซลูชั่น จำกัด,"BORDERLESS TALENT SOLUTIONS RECRUITMENT COL., LTD",นายอัครชัย ต่อประดิษฐ์,Mr.Aukarachai Taupradist,ต.1162/2555,Tor 1162/2555,3 อาคารรัจนาการ ชั้น 25 ถนนสาทรใต้ แขวงยานนาวา เขตสาทร กรุงเทพมหานคร 10120,"3 Rajanakarn building 25th Floor, Sathon Tai Road, Yannawa Sub-district, Sathon District, Bangkok,","0 2036 5990, 084-2424922",-,-,-
69,เซาท์อีสทเอเซียเลเบอร์ จำกัด,"SOUTHEAST ASIA LABOUR RECRUITMENT CO., LTD.",นายปรเมษฐ์ พันธ์รัตนมงคล,Mr. Porameth Phanratanamongkol,ต. 1164/2555,Tor 1164/2555,27 ซอยคลองลำเจียก 41 ถนนประดิษฐ์มนูธรรม แขวงนวมินทร์ เขตบึงกุ่ม กรุงเทพมหานคร 10240,"27 Soi Klonglumjeak 41, Praditmanutham Road, Nawamin Sub-district, Buengkum District, Bangkok,","064-5959241, 0 2101 3668",-,-,-
70,เถาหยวน จำกัด,"TAOYUAN MANPOWER CO.,LTD.",นายสำราญ จารุนันทพาณิชย์,Mr.Samran Jarunantapanich,ต.1166/2555,Tor 1166/2555,654/13 หมู่ 4 ถนนอุดร-ขอนแก่น ต.บ้านจั่น อ.เมืองอุดรธานี จ.อุดรธานี 41000,"654/13, Udon-Khonkaen Road, Moo 4, Banjan Sub-district, Mueng Udonthani District, Udonthani Province,","042-182698-9, 081-8196476",-,-,-
71,ต้าจี๋ บิสซิเนส จำกัด,"TA GEE BUSSINESS MANPOWER CO., LTD.",นายจิรภัทร จูบาง,Mr. Chiraphat Jubang,ต.1168/2555,Tor 1168/2555,73/1 หมู่ 9 ตําบลลำภู อำเภอเมืองหนองบัวลำภู จังหวัดหนองบัวลำภู 39000,"73/1 Moo 9, Lamphu Sub-district, Mueng Nongbualamphu District, Nongbualamphu Province,",042-360-599,-,-,-
72,เจวายที โปรเจคส์ จำกัด,"JYT PROJECTS RECRUITMENT CO., LTD.",นางคนัมพร ยุน,Mrs. Karnumporn Yoon,ต.1170/2555,Tor 1170/2555,460 ชั้นที่ 1 ซอยโชคชัยจงจำเริญ ถนนพระราม 3 แขวงบางโพงพาง เขตยานนาวา กรุงเทพมหานคร 10120,"460 1st Floor, Soi Chockchaijongchamroen, Rama 3 Road, Bangpongpang Sub-district,","02-2945095-7, 081-9123394",-,-,-
73,ไทย นิปปอน เทรนนิ่ง จำกัด,"THAI NIPPON TRAINING RECRUITMENT CO., LTD.",นายกสิณ นทีสถิตย์ธาร,Mr. kasin Nateesathittarn,ต.1171/2555,Tor 1171/2555,502/225 ถนนเตชะตุงคะ แขวงสีกัน เขตดอนเมือง กรุงเทพมหานคร 10210,"502/225, Techatungka Road, Seekan Sub-district, Donmuang District, Bangkok,",089-9909544,-,-,-
74,เวิลด์ แม็ป จำกัด,"WORLD MAP RECRUITMENT CO., LTD.",นางเบญจรงค์ สุระพันธ์,Mrs. Benjarong Surapun,ต.1172/2555,Tor 1172/2555,290/200 ซอยลาดพร้าว 84 (สังคมสงเคราะห์ใต้ 1) แขวงวังทองหลาง เขตวังทองหลาง กรุงเทพมหานคร,"290/200 Soi Lat Phrao 84 (Sangkhom Songkhro Tai 1), Wang Thonglang Subdistrict, Wang Thonglang District, Bangkok","081-9588951, 02-1939036",-,-,-
75,ไทย เจแปน บิสซิเนส เน็ทเวิร์ค จำกัด,"THAI JAPAN BUSINESS NETWORK MANPOWER CO.,LTD.",นางสาวธนภร น้อยเขียว,Miss Tanaphon Noikhieo,ต.1184/2557,Tor 1184/2557,53 อาคารศิวาเทล ชั้น 12 ห้อง 1205 ถนนวิทยุ แขวงลุมพินี เขตปทุมวัน กรุงเทพมหานคร 10330,"53, Sivatel Building, 12th Floor, Room 1205, Wittayu Road, Lumpini Sub-district, Patumwan District, Bangkok,","02-2539520-1, 092-2464855",-,-,-
76,เอส.พี.ที. บิ๊กวัน อินเตอร์เนชั่นแนล จำกัด,"S.P.T. BIGONE INTERNATIONAL MANOPWER CO.,LTD.",นายธนโชติ เสรีรัตนากร,Mr. Thanachot Sereerattanakorn,ต.1185/2557,Tor 1185/2557,60/309 ซอยรามอินทรา 40 แยก 33-5 แขวงนวลจันทร์ เขตบึงกุ่ม กรุงเทพมหานคร 10230,"60/309, Soi Ramintra 40 Yaek 33-5, Nuanchan Sub-district, Buengkum District, Bangkok,",081-9312428,-,-,-
77,เอเชียอินเตอร์เนชั่นแนลเน็ตเวิร์ค จำกัด,"ASIA INTERNATIONAL NETWORK MANPOWER CO.,LTD.",นางสาวมยุรี จินา,Miss Mayuree Jina,ต.1186/2558,Tor 1186/2558,293/1 หมู่ที่ 15 ตําบลนางแล อำเภอเมืองเชียงราย จังหวัดเชียงราย 57100,"293/1, Moo 15, Nang-Lae Sub-district, Muang Chiangrai District, Chiangrai","053-175799, 053-209997, 087-1788568",-,-,-
78,เถาหยวน ไต้หวัน จำกัด,"THAOYUAN TAIWAN MANPOWER CO.,LTD.",ว่าที่ ร.ต.หญิง เจนจิตตรา ทูลมาลย์,Acting Sublt. Chenchittra Thunman,ต.1187/2558,Tor 1187/2558,"990,998 ห้องเลขที่ SH106/1-4, SH107/1-4, SH108/1-4 ถนนมิตรภาพ-หนองคาย ตําบลในเมือง อําเภอเมืองนครราชสีมา จังหวัดนครราชสีมา 30000","990,998 Room SH106/1-4, SH107/1-4, SH108/1-4 Mittrapap-Nongkhai Road, Nai Mueang Sub-district,",063-5466636,-,-,-
79,เอ็ม ดับบลิว แกรนด์ จำกัด,"M W GRAND MANPOWER CO.,LTD.",นางสาวหยิ่งหง แซ่เกา,Miss Yinghong Saekao,ต.1188/2558,Tor 1188/2558,1/117 ซอยลาดพร้าว 101 ซอย 42 แยก 9 แขวงคลองจั่น เขตบางกะปิ กรุงเทพมหานคร 10240,"1/117 Soi Ladphrao 101 Soi 42 Yek 9, Klongchan Sub-district, Bangkapi District, Bangkok,","02-0068294, 081-8684911",-,-,-
80,มีเดีย โกลเด้น อินเตอร์เนชั่นแนล จำกัด,"MEDIA GOLDEN INTERNATIONAL RECRUITMENT CO.,LTD.",นางสาวรินรดา ดีพลา,Miss Rinrada Deephla,ต.1190/2558,Tor 1190/2558,7/188 ถนนกาญจนาภิเษก แขวงคันนายาว เขตคันนายาว กรุงเทพมหานคร 10230,"7/188, Kanchanaphisek Road, Khannayao Sub-district, Khannayao District, Bangkok,","02-0853038, 081-323-9735",-,-,-
81,เอ บี ซี ไทย-เจแปน จำกัด,"A B C THAI-JAPAN RECRUITMENT CO.,LTD.",นายบุญหลง คำสมุทร,Mr.Boonrong Kumsamut,ต.1195/2559,Tor 1195/2559,92/37 หมู่ที่ 9 ตําบลสันทราย อำเภอเมืองเชียงราย จังหวัดเชียงราย 57000,"92/37 Mu 9, Sansai Sub-district, Muang Chiangrai District, Chiangrai Province",052-023531,-,-,-
82,ยู.ไอ จำกัด,"U. I RECRUITMENT CO., LTD.",นางสาววรัญญา ภิญโญ,Miss Waranya Phinyo,ต.1196/2559,Tor 1196/2559,120/132 ถนนบ้านเหล่า ตําบลหมากแข้ง อำเภอเมืองอุดรธานี จังหวัดอุดรธานี 41000,"120/132 Banlaq Road, Makkhang Sub-district, Muang Udonthani District, Udonthani Province",042-221-588,-,-,-
83,พีแอนด์ พีดีวีลอปเม้นท์ จำกัด,"P & P DEVELOPMENT MANPOWER CO., LTD.",นางสาวปราณี วรรณเอก,Miss Pranee Wanna-eg,ต. 1197/2559,Tor 1197/2559,2 ซอยพหลโยธิน 63 แยก 2-1 แขวงอนุสาวรีย์ เขตบางเขน กรุงเทพมหานคร 10220,"2, Soi Phahonyothin 63, Yaek 2-1, Anusawari Sub-district, Bangkhen District, Bangkok,","02 061-2179, 097 018-6022",-,-,-
84,เอพี โกลบอล จำกัด,"AP GLOBAL RECRUITMENT CO.,LTD.",นายอาทิตย์ พลภักดี,Mr. Arthit Ponpukdee,ต.1198/2559,Tor 1198/2559,22 ซอยทุ่งเศรษฐี แยก 6 แขวงดอกไม้ เขตประเวศ กรุงเทพมหานคร,"22 Soi Thung Setthi, Intersection 6, Dokmai Subdistrict, Prawet District, Bangkok","02-751-8544, 081-985-6714",-,-,-
85," ฮิวแมน ดิจิคร้าฟท์ (ไทยแลนด์) จำกัด","HUMAN DIGICRAFT MANPOWER (THAILAND) CO., LTD.",นายวิวัฒน์ วงศ์วราวิภัทร์,Mr. Wiwat Wongwarawipat,ต.1199/2559,Tor 1199/2559,39 ห้องเลขที่ 204 ชั้นที่ 2 ถนนสุขุมวิท 71 แขวงพระโขนงเหนือ เขตวัฒนา กรุงเทพมหานคร 10110,"39 2nd Floor, Room 204, Sukhimvit 71 Road Phakanongnue Sub-district, Wattana District, Bangkok,",02-261-2277-8,-,-,-
86,ธนากร บราเธอร์ จำกัด,"THANAKORN BROTHER MANPOWER CO., LTD.",นางหทัยกุล ธรรมขันธ์,Mrs. Hathaikul Thammakhan,ต. 1200/2559,Tor 1200/2559,287/3 หมู่ที่ 5 ตําบลหนองกอมเกาะ อำเภอเมืองหนองคาย จังหวัดหนองคาย 43000,"287/3 Moo. 5, Nong Kom Ko Subdistrict, Mueang Nong Khai District, Nong Khai Province",042-464570,-,-,-
87,ไทย กรุ๊ปกรีน จำกัด,"THAI GROUP GREEN MANPOWER CO.,LTD.",นางสาวสายฝน เพ็งเขียว,Miss Saifon Phengkhieo,ต.1204/2560,Tor 1204/2560,88/35 ถนนกัลปพฤกษ์ แขวงบางแค เขตบางแค กรุงเทพมหานคร 10160,"88/35 Kanlapaphuek Road, Bangkhae Sub-district, Bangkhae District, Bangkok,","02-4088499, 081-7743472",-,-,-
88,เจ เวิร์ค จำกัด,"J WORK RECRUITMENT CO.,LTD.",นายอภิชาติ แดงบัว,Mr.Apichat Dangbuav,ต.1206/2560,Tor 1206/2560,32/7 ถนนเชียงใหม่-ลำปาง ตําบลช้างเผือก อำเภอเมืองเชียงใหม่ จังหวัดเชียงใหม่,"32/7, Chiangmai-Lampang Road, Changpheuak Sub-district, Mueang Chiangmai District, Chiangmai Province",-,-,-,
89,เอ็นเอ บางกอก จำกัด,"NA BANGKOK RECRUITMENT CO.,LTD.",นายพีรภัทร ศรีสุขา,Mr. Peerapat Srisukha,ต.1208/2560,Tor 1208/2560,"622 ห้องเลขที่ 212 อาคารเอ็มโพเรียม ชั้น 21/1,7-8 ถนนสุขุมวิท แขวงคลองตัน เขตคลองเตย กรุงเทพมหานคร 10110","622 Room 212, Emporium Tower, 21/1,7-8 Floor, Sukhumvit Road, Klongton Sub-district, Klongtoey District, Bangkok,","02-664-8881 ต่อ 2212, 082-3082038",-,-,-
90,ซิน สตาร์ โอเวอร์ซี จำกัด,"XIN STAR OVERSEA RECRUITMENT CO.,LTD.",นายชัยเจริญ โชติประดับ,Mr. Chaicharoen Chotpradab,ต.1209/2560,Tor 1209/2560,111/92 ซอยรามอินทรา 40 แขวงนวลจันทร์ เขตบึงกุ่ม กรุงเทพมหานคร 10230,"111/92 Soi Ramintra 40, Nuanchan Sub-district, Buengkum District, Bangkok,","086-3168190, 02-0056886",-,-,-
91,เอ็ม ที เวิร์ค จำกัด,"M T WORK MANPOWER CO.,LTD.",นางสาวเมทิกา ธนศิาสุขทวี,Miss Methika Tanisasukthavee,ต.1210/2560,Tor 1210/2560,298/3-4 ซอยรุ่งเรือง แขวงสามเสนนอก เขตห้วยขวาง กรุงเทพมหานคร,"298/3-4 Soi Rungrueang, Samsennok Sub-district, Huay-Khwang District, Bangkok,",02-0626475,-,-,-
92,ไท่ เม่ย ห่าว จำกัด,"TAI MEI HAO RECRUITMENT CO.,LTD",นายรชานนท์ แซ่จาง,Mr.Ratchanon Saechang,ต.1211/2561,Tor 1211/2561,525/45 ซอยลาดพร้าว 126 (กรัณฑ์พร) แขวงพลับพลา เขตวังทองหลาง กรุงเทพมหานคร 10310,"525/45 Soi Lat Phrao 126(Garnpon) Plubpla Sub-district, Wangthonglang District, Bangkok,","081-8697642, 02-1650392",-,-,-
93,ซากุระ เค.พี. จำกัด,"SAKURA K.P.MANPOWER CO.,LTD",นางสาวพิมพ์ชญา จิระวิวัฒน์กุล,Miss Pimchaya Jirawiwatkul,ต.1212/2561,Tor 1212/2561,349 ถนนช่างอากาศอุทิศ แขวงดอนเมือง เขตดอนเมือง กรุงเทพมหานคร 10210,"349 Changarkadutid Road, Donmaung Sub-district, Donmaung District, Bangkok,",084-9612521,-,-,-
94,เทพส์ 2018 จำกัด,"THEP 2018 RECRUITMENT CO.,LTD",นางณธร ฉัตรรัตนเวช,Mrs.Natorn Chatrattanawech,ต.1213/2561,Tor 1213/2561,3 ซอยนภาลัย 11 แขวงบางนาใต้ เขตบางนา กรุงเทพมหานคร 10260,"3 Soi Napalai 11, South Bangna Sub-district, Bangna District, Bangkok,","02-116-8408, 081-5487117",-,-,-
95," บิ๊กวัน อุดร จำกัด","TNC LABOURS MANPOWER CO., LTD",นายชัยศิริ เสรีรัตนากร,Mr.Chaisiri Serirattanakorn,ต.1214/2561,,588/8 หมู่บ้าน บ้านเลื่อม หมู่ที่ 1 ถนนรอบเมือง ตําบลบ้านเลื่อม อำเภอเมืองอุดรธานี จังหวัดอุดรธานี,"588/8 Ban Lueam Village, Moo. 1, Round Town Road, Ban Lueam Subdistrict, Mueang Udon Thani District, Udon Thani Province",081-931-2428,-,-,ชื่อบริษัทอังกฤษในแหล่งข้อมูลดูไม่ตรงกับชื่อบริษัทไทย
96,อุดรเวิลด์บริดจ์ อินเตอร์เนชั่นแนล จำกัด,"UDON WORLDBRIDGE INTERNATIONAL MANPOWER CO., LTD.",นายศรัณญ์ วิสารทกุล,Mr.Saran Visaratakul,ต.1215/2561,Tor 1215/2561,231/181 ถนนอุดรดุษฎี ตําบลหมากแข้ง อำเภอเมืองอุดรธานี จังหวัดอุดรธานี,"231/181 Udondusadi Road, Makkhaeng Sub-district, Muang Udonthani District, Udonthani Province","080-3151199, 042-115586",-,-,-
97,ฮิดะ ฮิคารุ จำกัด,"HIDA HIKARU RECRUITMENT CO.,LTD.",นายธวัชชัย สุขเสาร์,Mr.Tawatchai Suksao,ต.1217/2561,Tor 1217/2561,188/1 หมู่ที่ 9 ตําบลโป่งงาม อำเภอแม่สาย จังหวัดเชียงราย 57130,"188/1 Moo 9, Pongngam Sub-district, Maesai District, Chingrai Province","094-5595921, 0926498291",-,-,-
98,เอเชีย ไทย โอเวอร์ซี จำกัด,"ASIA THAI OVERSEA RECRUITMENT CO.,LTD.",นางสาวสมปอง พาเบ้า,Miss. Sompong Phabao,ต.1218/2561,Tor 1218/2561,78/203 ซอยพระยาสุเรนทร์ 19 แขวงบางชัน เขตคลองสามวา กรุงเทพมหานคร 10510,"78/203, Soi Phraya Suren 19, Bang Chan Sub-district, Khlong Sam Wa District, Bangkok",089-6747259,-,-,-
99,ไทยนิจิ จินไซซัพพอร์ท จำกัด,"THAI NICHI JINZAI SUPPORT RECRUITMENT CO.,LTD.",นางพิชญ์สิณี โตพิบูล,Mrs.Pisinee Tobhibul,ต.1219/2562,Tor 1219/2562,4 ซอยอุดมสุข 14 แขวงบางนาเหนือ เขตบางนา กรุงเทพมหานคร 10260,"4, Soi Udomsuk 14, Bangna Nua Sub-district, Bangna District, Bangkok","091-6971333, 084-6596428",-,-,-
100," อี.พี.เอ. อินเตอร์เนชั่นแนล จำกัด","E.P.A. INTERNATIONAL RECRUITMENT CO.,LTD.",นายสหรัฐ หาญเจริญ,Mr.Saharat Harncharoen,ต.1222/2562,Tor 1222/2562,46/202 ถนนนวลจันทร์ แขวงนวลจันทร์ เขตบึงกุ่ม กรุงเทพมหานคร 10230,-,"098-2895518, 093-5656417",-,-,-
101,ไทย นิปปอน เฟลโลชิป จำกัด,"THAI NIPPON FELLOWSHIP RECRUITMENT CO., LTD.",นายดาวฤทธิ์ ทองนิ่ม,Mr.Daorit Thongnim,ต.1223/2562,Tor 1223/2562,2 อาคารจัสมิน ชั้นที่ 12 ซอยประสานมิตร (สุขุมวิท 23) ถนนสุขุมวิท แขวงคลองเตยเหนือ เขตวัฒนา กรุงเทพมหานคร 10110,"2, Jasmine Building, 12th Floor, Soi Prasarnmitr (Sukhumvit23), Sukhumvit Road, North Klongtoey Sub-district, Watthana District, Bangkok",061-5419451,-,-,-
102,ทีเจ กรุ๊ป 2019 (ประเทศไทย) จำกัด,"TJ GROUP 2019 MANPOWER (THAILAND) CO.,LTD.",นายชัยโรจน์ ชัยเกียรติยศ,Mr.Chaiyaroj Chaikiattiyos,ต.1226/2562,Tor 1226/2562,648/1-2 หมู่บ้าน บ้านนาเมือง หมู่ที่ 2 ตําบลไร่น้อย อำเภอเมืองอุบลราชธานี จังหวัดอุบลราชธานี 34000,"648/1-2 Bannarmueng Village, Moo 2, Rainoy Sub-district, Muang Ubon Ratchathani District, Ubon Ratchathani Province",045-240042,-,-,-
103,โนโซมิ จำกัด,"NOZOMI MANPOWER CO.,LTD.",นายอภิชย์ รักไพฑูรย์,Mr.Apitch Rukpaitoon,ต.1228/2562,Tor 1228/2562,23 ซอยงามวงศ์วาน 23 แยก 23 แขวงบางกระสอ อำเภอเมืองนนทบุรี จังหวัดนนทบุรี 11000,"23, Soi Ngarmwongwan 23 Yeak 23, Bangkrasor Sub-district, Muang Nonthaburi District, Nonthaburi Province",088-9525635,-,-,-
104,ไดชิน จำกัด,"DAISHIN MANPOWER CO.,LTD.",นายสุทน คำแสน,Mr.Suthon Khamsaen,ต.1229/2562,Tor 1229/2562,555/152 อาคารฟิฟธ์อเวนิว หมู่ที่ 2 ตําบลหนองจ๊อม อำเภอสันทราย จังหวัดเชียงใหม่ 50210,"555/152 Fifth Avenue, Moo 2, Nongchom Sub-district, Sansai District, Chiangmai Province",064-3514531,-,-,-
105,เอสทีเอ็นพี จำกัด,"STNP RECRUITMENT AGENCY CO.,LTD.",นายศิริเดช ไกลถิ่น,Mr.Siridet Klaithin,ต.1230/2563,Tor 1230/2563,31/26 หมู่ที่ 3 ตําบลรอบเวียง อำเภอเมืองเชียงราย จังหวัดเชียงราย 57000,"31/26 Moo 3, Robwiang Sub-district, Mueang Chiangrai District, Chiangrai Province","081-9528869, 097-9186986",-,-,-
106,มิตร เอ็นจิเนีย คอนสตรัคชั่น จำกัด,"MIT ENGINEER CONSTRUCTION MANPOWER CO.,LTD.",นางชญานันท์ สุขเมือง,Mrs.Chayanan Sukmuang,ต.1233/2563,Tor 1233/2563,131/11 หมู่ที่ 4 ตําบลมะขามคู่ อำเภอนิคมพัฒนา จังหวัดระยอง 21180,"131/11 Moo 4, Makhamkhu Sub-district, Nikomphatthana District, Rayong Province","038-029693, 033-650393, 096-6872355",-,-,-
107,จินไซ (ไทยแลนด์) จำกัด,"JINZAI RECRUITMENT (THAILAND) CO.,LTD.",นางปุณณาสา โทดะ,Mrs.Punnarsa Toda,ต.1235/2564,Tor 1235/2564,1 อาคารวสุ 1 ห้องเลขที่ 1503 ชั้นที่ 15 ซอยสุขุมวิท 25 แขวงคลองเตยเหนือ เขตวัฒนา กรุงเทพมหานคร 10110,"1 Vasu1 Building, Unit 1503, Level 15, Soi Sukhumvit25, Klongtoey Nuea Sub - District, Wattana District, Bangkok,","026617200, 0811337433",-,-,-
108,พาโซนา โอเวอร์ซี (ไทยแลนด์) จำกัด,"PASONA OVERSEA RECRUITMENT (THAILAND) CO.,LTD.",นางสาวธรรศธร วงศ์สัจจา,Miss Thassatorn Wongsajja,ต.1236/2564,Tor 1236/2564,98 อาคารสาทรสแควร์ออฟฟิศทาวเวอร์ ชั้น 37 ห้องเลขที่ 3757 ถนนสาทรเหนือ แขวงสีลม เขตบางรัก กรุงเทพมหานคร 10500,"98 Sathorn Square Office Tower, 37 th Floor, Room No.3757, North Sathorn Road,",081-8182915,-,-,-
109,ซันโกลด์ เทรดดิ้ง จำกัด,"SUN GOLD TRADING MANPOWER CO.,LTD.",นายธนเสฏฐ์ ศรีภูษิตต์,Mr.Thanaset Sriphukit,ต.1239/2565,Tor 1239/2565,123/5 หมู่ที่ 7 ตําบลมะเริง อำเภอเมืองนครราชสีมา จังหวัดนครราชสีมา 30000,"123/5 Moo 7, Maroeng Sub-district, Muang Nakhonratchasima District, Nakhonratchasima Province,","085-8568676, 044-008388",-,-,เพิกถอนตามคำสั่งนายทะเบียนจัดหางานกลางที่ 2/2568
110,ฟูล แท้งค์ส เจพี จำกัด,"FULL THANKS JP MANPOWER CO.,LTD.",นางสาวจันทร์เพ็ญ ผาชา,Miss Junphen Phacha,ต.1240/2565,Tor 1240/2565,"1605,1607 ชั้น 1 ซอยลาดพร้าว 94 (ปัญจมิตร) แขวงพลับพลา เขตวังทองหลาง กรุงเทพมหานคร 10310","1605,1607 1st floor , Soi Ladprao 94 (Panjamit), Plubpla Sub-district, Wangthonglang District, Bangkok",081-8193819,-,-,-
111,มีทเจแปน จำกัด,"MEET JAPAN RECRUITMENT CO.,LTD.",นางสาวอลิศรา ตั้งอยู่สวัสดิ์,Miss Alisara Thungyoosawat,ต.1242/2565,Tor 1242/2565,15 ชั้นที่ 2 ห้อง A ซอยสุขุมวิท 67 (ศรีจันทร์) แขวงพระโขนงเหนือ เขตวัฒนา กรุงเทพมหานคร 10110,"5 2nd Floor, A Room , Soi Sukhumvit 67 (Srichan) Phakanongnu Subdistrict Wattana District Bangkok 10110",0 2001 1165,-,www.meetjapan.org,-
112," เอ็นซี โกลบอลเอ็นเตอร์ไพรส์ จำกัด","NC GLOBAL ENTERPRISE MANPOWER CO.,LTD.",นางสาวณชจันทร์ ภูริวรางคกูล,Miss Nachajan Purivarangkhakul,ต.1245/2565,Tor 1245/2565,356/1 หมู่ที่ 4 ตําบลท่าสุด อำเภอเมืองเชียงราย จังหวัดเชียงราย 57100,"356/1 Moo 4, Thasud Sub-district, Mueang Chiangrai District, Chiangrai Province,","0898528446, 0638793549",-,-,-
113," เอชทูโอ แคเรียร์ (ไทยแลนด์) จำกัด","H2O CAREER MANPOWER (THAILAND) CO.,LTD.",นางสุชีรา เพียแก้ว,Mrs.Sucheera Piakaew,ต.1246/2565,Tor 1246/2565,333/208 ชั้นที่ 1 หมู่ที่ 11 ตําบลโนนผึ้ง อำเภอวารินชําราบ จังหวัดอุบลราชธานี 34190,-,081-1505565,-,-,-
114," อธิชล เอส อินเตอร์เนชั่นแนล จำกัด","ATHICHOL S INTERNATIONAL PLACEMENT CO.,LTD.",นางสาวอธิชล ศิริเมือง,Miss Athichol SiriMuang,ต.1248/2565,Tor 1248/2565,116/2 ชั้นที่ 1 ซอยรามอินทรา 23 แขวงอนุสาวรีย์ เขตบางเขน กรุงเทพมหานคร 10220,"116/2 1stFloor, Soi 23 Ramintra Rd, Anusawaree Sub-district, Bangkhen District, Bangkok,","063-2686261, 089-1074141",-,-,-
115," เมดโค้ช เฮลท์แคร์ อินเตอร์เนชั่นแนล จำกัด","MEDCOACH HEAL THCARE INTERNATIONAL RECRUITMENT CO.,LTD.",นางสาวอัจฉรา ศรีสดใส,Miss Atchara Srisodsai,ต.1249/2565,Tor 1249/2565,34 อาคารซีพี ทาวเวอร์ 3 ห้องเลขที่ บี304 ถนนพญาไท แขวงทุ่งพญาไท เขตราชเทวี กรุงเทพมหานคร 10400,"34 C.P. Tower 3 Room B304 , Phayathai Rd., Thung Phaya Thai Sub-district, Ratchathevee District, Bangkok,",088-2351419,-,-,-
116," เอส1968 จำกัด","S1968 MANPOWER CO.,LTD.",นายสุชาติ จันทราลักษณ์,Mr.Suchat Chantralak,ต.1250/2565,Tor 1250/2565,16 ซอยศรีบูรพา 16 ถนนศรีบูรพา แขวงคลองจั่น เขตบางกะปิ กรุงเทพมหานคร,-,"0818219995, 035908799",-,-,-
117," ตากาต จำกัด","TAQAT MANPOWER CO.,LTD.",นายสมเพชร วัฒนะทรัพย์,Mr.Somphet Watthanasap,ต.1253/2566,Tor 1253/2566,420/26 ถนนช้างคลาน ตําบลช้างคลาน อำเภอเมืองเชียงใหม่ จังหวัดเชียงใหม่ 50100,"420/26 Changklan Road, Changklan Sub-district, Muang Chiangmai District, Chiangmai Province",083-2529997,-,-,-
118," เอเอ ริชเชส จำกัด","AA RICHES MANPOWER CO.,LTD.",นางสาวอัญชลี สิทธิขันแก้ว,Miss Anchalee Sittikunkeaw,ต.1254/2566,Tor 1254/2566,69/5 หมู่ที่ 12 ถนนหนองบัว ตําบลรอบเวียง อำเภอเมืองเชียงราย จังหวัดเชียงราย 57000,"69/5 Moo 12 Nong Bua Road, Rob Wiang Sub-district, Mueang District, Chiang Rai Province",094-6615398,-,-,-
119," จิรกิตติ จำกัด","JIRKITTI MANPOWER CO.,LTD.",นายธนยศ อิ่มอำไภย,Mr.Thanayot Imamphai,ต.1256/2566,Tor 1256/2566,16/98-99 ซอยเทียนทะเล 20 ถนนบางขุนเทียน-ชายทะเล แขวงแสมดำ เขตบางขุนเทียน กรุงเทพมหานคร 10150,"16/98-99 Soi ThianThalay 20, Bangkhunthian-Chaithalay Road Samaedam Sub-district, Bangkhunthian District, Bangkok,","098-5928782, 061-5595952, 099-4964111",-,-,-
120," อ.บ.ไทย จำกัด","A.B.THAI COMMUNE PLACEMENT CO.,LTD.",นายประยูร ไชยรส,-,ต.1259/2566,Tor 1259/2566,9 ซอยบูรพาใน 1 ถนนบูรพาใน ตําบลในเมือง อำเภอเมืองอุบลราชธานี จังหวัดอุบลราชธานี 34000,"9 Soi Burapha Nai 1, Burapha Nai Road, Nai Mueang Sub-district, Mueang Ubon Ratchathani District,",080-0083818,-,-,-
121," ดับเบิ้ลยู อินเตอร์เนชั่นแนล 2020 จำกัด","W INTERNATIONAL 2020 MANPOWER CO.,LTD.",นายชลวิท อภิรัตน์มนตรี,Mr. Chonlavit Apiratmontree,ต.1260/2566,Tor 1260/2566,143 หมู่ที่ 5 ตําบลคําน้ำแซบ อำเภอวารินชําราบ จังหวัดอุบลราชธานี 34190,"143 Moo 5, Khamnamsaeb Sub-district, Warinchamrab District, Ubon Ratchathani Province,","085-4799583, 097-9638953",-,-,-
122," แกรนด์ เถาหยวนไต้หวัน จำกัด","GRAND TAOYUAN TAIWAN MANPOWER CO.,LTD.",นางสาวดาราวดี ทูลมาลย์,Miss Darawadee Toonmarn,ต.1262/2566,Tor 1262/2566,"999/189,999/190,999/191 หมู่ที่ 12 ตําบลเมืองเก่า อำเภอเมืองขอนแก่น จังหวัดขอนแก่น 40000",-,080-1281548,-,-,-
123," แกรนดิโอส บิสเนส จำกัด","GRANDIOSE BUSINESS MANPOWER CO.,LTD.",นางสาวนุจิรา กัว,Miss Nutjira Kuo,ต.1263/2566,Tor 1263/2566,460 ถนนวัชรพล แขวงท่าแร้ง เขตบางเขน กรุงเทพมหานคร 10220,"460 Wacharaphol Road, Tharaeng Sub-district, Bangkhen District, Bangkok",0-2949-8876,-,-,-
124," เอสเอ็นซีเอส เวิร์ค กรุ๊ป จำกัด","SNCS WORK GROUP MANPOWER CO.,LTD.",นางสาวพิมวิดา ศิริขวัญ,-,ต.1264/2566,Tor 1264/2566,158/17 หมู่บ้าน สบาย สบาย หมู่ที่ 3 ตําบลคลองสวนพลู อำเภอพระนครศรีอยุธยา จังหวัดพระนครศรีอยุธยา 13000,"158/17 Sabai-Sabai Village, Moo 3, Khlong Suan Phlu Sub-district, Phra Nakhon Si Ayutthaya District, Phra Nakhon Si Ayutthaya Province",062-5166639,-,-,-
125," โก เวิร์คเกอร์ จำกัด","GOOWORKER MANPOWER CO.,LTD.",นางสาววรินรัตน์ อัศวทวีโชคชัย,Miss Walinlat Assawathaweechokechai,ต.1265/2566,Tor 1265/2566,2 ชั้นที่ 2 บี ซอยปุณณวิถี 31 ถนนสุขุมวิท 101 แขวงบางจาก เขตพระโขนง กรุงเทพมหานคร 10260,"2 , 2nd B Floor, Sio Punnavithi 31 , Sukhumvit 101 Road, Bangjak Sub-district, Phrakhanong District, Bangkok",02-7305622-23,-,-,-
126," อัล-ตักวา เอ็นเตอร์ไพรซ์ จำกัด","AL-TAKVA ENTERPRISE RECRUITMENT CO.,LTD.",นายธัชเวชช์ วันแอเลาะ,Mr. Thatchawech Wanaeloh,ต.1266/2566,Tor 1266/2566,132 ซอยรามคำแหง 26/1 ถนนรามคำแหง แขวงหัวหมาก เขตบางกะปิ กรุงเทพมหานคร 10240,"132 Soi Ramkhamheang Road , Huamark Sub-district,",064-5245556,-,-,-
127," พีอาร์ทีอาร์ โกลบอล จำกัด","PRTR GLOBAL RECRUITMENT CO.,LTD.",นางสาวบงกช พัชรภัค,Miss Bongkoch Pathcharapak,ต.1267/2566,Tor 1267/2566,2034/81 อาคารอิตัลไทย ทาวเวอร์ ชั้นที่ 18 ถนนเพชรบุรีตัดใหม่ แขวงบางกะปิ เขตห้วยขวาง กรุงเทพมหานคร 10310,"2034/81 Ital-Thai Tower, 18 th Floor, New Petchburi Road, Bangkapi Sub-district, Huaykwang District, Bangkok",02-7610000,-,-,-
128," ไทย แจแปน แฟมิลี่ จำกัด","THAI JAPAN FAMILY RECRUITMENT CO.,LTD.",นางชนิดาภา ลิปิโรจนพงศ์,Mrs. Chanidhapa Lipirotjanapong,ต.1268/2566,Tor 1268/2566,380/110 ซอยสันนิบาตเทศบาล แขวงจันทรเกษม เขตจตุจักร กรุงเทพมหานคร 10900,"380/110 Soi.Sannibat Thesaban , Chan Kasem Subdistrict, Chatuchak District, Bangkok 10900",092-7493947,-,-,-
129," เอเชียโก จำกัด","ASIA GO MANPOWER CO.,LTD.",นายมรกต พิเศษสุนทร,Mr. Morakot Pisetsuntorn,ต.1269/2566,Tor 1269/2566,99/9 หมู่ที่ 3 ตําบลกระเบื้องใหญ่ อำเภอพิมาย จังหวัดนครราชสีมา,"99/9 Moo 3, Krabueng Yai Sub-district, Phimai District, Nakhonratchasima Province","089-5555612, 081-8165205",-,-,-
130," เอ.เอ.เอ็ม.เอส. จำกัด","A.A.M.S. RECRUITMENT CO.,LTD.",นายกำจร พะลายะสุต,Mr. Gamjorn Bhalayasuta,ต.1270/2566,Tor 1270/2566,8/2 ชั้น 6 ถนนคอนแวนต์ แขวงสีลม เขตบางรัก กรุงเทพมหานคร 10500,"8/2, 6th Floor, Convent Road, Silom Sub-district, Bangrak District, Bangkok, 10500",02-6355097,-,-,-
131," เอส เอ็น เวิลด์ อินเตอร์เนชั่นแนล จำกัด","S N WORLD INTERNATIONAL MANPOWER CO.,LTD.",นางนภัทธ สมพงษ์,Mrs. Napat Somphong,ต.1271/2566,Tor 1271/2566,231/74 ถนนอุดรดุษฎี ตําบลหมากแข้ง อำเภอเมืองอุดรธานี จังหวัดอุดรธานี 41000,"231/74 Udondusadee Road, Makkhaeng Sub-district, Mueang Udonthani District, Udonthani Province","042-324587, 088-1298118",-,-,-
132," เอพีไอ ดีเวลลอปเม้นท์ จำกัด","API DEVELOPMENT MANPOWER CO.,LTD.",นางสาวจุฬารัตน์ เจริญทรัพย์,Miss Jurarat Charoensap,ต.1272/2566,Tor 1272/2566,210 ซอยรังสิต-นครนายก 52 ตําบลประชาธิปัตย์ อำเภอธัญบุรี จังหวัดปทุมธานี 12130,"210 Soi Rangsit-Nakornnayok 52, Prachathipat Sub-district, Thanyaburi District, Pathum Thani Province",02-0886389,-,-,-
133," ซีซีที ซัคเซส จำกัด","CCT SUCCESS RECRUITMENT CO.,LTD.",นายศุภณัฐ แซ่หลี่,Mr. Suphanat Saelee,ต.1274/2567,Tor 1274/2567,111/48 ซอยรามอินทรา 40 แขวงนวลจันทร์ เขตบึงกุ่ม กรุงเทพมหานคร 10230,"111/48, Soi Ramintra 40, Nuanchan Sub-district, Buengkum District, Bangkok,","02-1214918, 081-6273588",-,-,-
134," อัล-กาวาเดอร์ จำกัด","AL-KAWADER RECRUITMENT CO.,LTD.",นายต่วนอิสกันดาร์ ดาโต๊ะมูลียอ,Mr. Tuan Iskandar Dato'mulia,ต.1275/2567,Tor 1275/2567,556 ซอยพัฒนาการ 44 แขวงพัฒนาการ เขตสวนหลวง กรุงเทพมหานคร 10250,"556 Soi Phattanakarn 44, Phattanakarn Sub-district, Suanluang District, Bangkok,","02-5900185, 097-3922998",-,-,-
135," บิสโก้ 2024 จำกัด","BISCO PLACEMENT 2024 CO.,LTD.",นายประวิทย์ สมจิตร,Mr. Pravit Somchit,ต.1276/2567,Tor 1276/2567,387 ซอยอ่อนนุช 39 แขวงพัฒนาการ เขตสวนหลวง กรุงเทพมหานคร 10250,"387, Soi Onnut 39, Pattanakarn Sub-district, Suanluang District, Bangkok,",081-8284331,-,-,-
136," เวิร์ค อินเตอร์เนชั่นแนล18 จำกัด","WORK INTERNATIONAL18 MANPOWER CO.,LTD.",นางสาววรัชยา มาผาบ,Miss Waratchaya Maphap,ต.1277/2567,Tor 1277/2567,64/2 หมู่ที่ 15 ตําบลสันปูเลย อำเภอดอยสะเก็ด จังหวัดเชียงใหม่ 50220,"64/2 Moo 15, Sanpulieo Sub-district, Doisaket District, Chiangmai Province",098-2854492,-,-,-
137," วัน ทีเจ จำกัด","ONE TJ RECRUITMENT CO.,LTD.",นางสาวกฤษณา กอสุระ,Miss Kridsana Kosura,ต.1278/2567,Tor 1278/2567,174/14 ถนนจิตรบํารุง ตําบลในเมือง อำเภอเมืองสุรินทร์ จังหวัดสุรินทร์ 32000,"174/14 Jitbamrung Road, Nai Mueang Sub-district, Mueang Surin District, Surin Province",093-1109297,-,-,-
138," ซีพีพี48 กรุ๊ป จำกัด","CPP48 GROUP MANPOWER CO.,LTD.",นายศุภชัย ศุภวัชรโยธิน,Mr. Suphachai Suphawatcharayothin,ต.1279/2567,Tor 1279/2567,188/40 หมู่ที่ 7 ตําบลไชยสถาน อำเภอสารภี จังหวัดเชียงใหม่ 50140,"188/40 Moo 7, Chaiyasathan Sub-district, Saraphi District, Chiangmai Province","081-3048048, 086-4492242",-,-,-
139," มีร่าห์ บิซิซิเนส กรุ๊ป จำกัด","MEERAH BUSINESS GROUP MANPOWER CO.,LTD.",นางสาวภาวิณี เก้านพรัตน์,Miss Phavinee Kaonopparat,ต.1280/2567,Tor 1280/2567,108/8 ซอยประเสริฐมนูกิจ 29 แขวงลาดพร้าว เขตลาดพร้าว กรุงเทพมหานคร 10230,"108/8, Soi Prasertmanukit 29, Latphrao Sub-district, Latphrao District, Bangkok,",086-3899094,-,-,-
140," ทาเล้นท์สเฟียร์ โซลูชั่น จำกัด","TALENTSPHERE SOLUTION MANPOWER CO.,LTD.",นายสุพจน์ อารยะประยูร,Mr. Supoj Arayaprayoon,ต.1281/2567,Tor 1281/2567,82/37 ถนนเหล่านาดี ตําบลในเมือง อำเภอเมืองขอนแก่น จังหวัดขอนแก่น 40000,"82/37 Laonadee Road, Nai Mueang Sub-district, Mueang KhonKaen District, KhonKaen Province","094-9758772, 086-0916776",-,-,-
141," เอ็มพล็อท จำกัด","EMPLOT MANPOWER CO.,LTD.",นายพันธ์พล ลออพันธ์พล,Mr. Phanphon Laorphanphon,ต.1282/2567,Tor 1282/2567,32/4 ซอยบางนา-ตราด 56 แขวงบางนาใต้ เขตบางนา กรุงเทพมหานคร 10260,"32/4 Soi Bangna-Trad 56, Bangnatai Sub-district, Bangna District, Bangkok,",02-1253569,-,Contact@emplot.work / www.emplot.work,-
142," เอสซีเอ็ม เทรนนิ่ง จำกัด","SCM TRAINING RECRUITMENT CO.,LTD.",นางสาวสุทธินันท์ มณีหล่อสวัสดิ์,Miss Suttinun Maneelorsawas,ต.1283/2567,Tor 1283/2567,211/3 ถนนรัชดาภิเษก แขวงรัชดาภิเษก เขตดินแดง กรุงเทพมหานคร 10400,"211/3 Ratchadapisek Road, Ratchadapisek Sub-district, Din Daeng District, Bangkok,",081-6856656,-,-,-
143," เบสท์ คิงด้อม อินเตอร์กรุ๊ป จำกัด","BEST KINGDOM INTERGROUP MANPOWER CO.,LTD.",นางสาวเขมินทรา วสุธรพีร,Miss Khemintha Wasuthornpeera,ต.1285/2567,Tor 1285/2567,299/30 หมู่บ้าน บริติช วิลเลจ ซอยแจ้งวัฒนะ 10 อินเตอร์กรุ๊ป แยก 9-1-8 (มีสุข 4/1) แขวงทุ่งสองห้อง เขตหลักสี่ กรุงเทพมหานคร,"299/30 British Village, Soi Chaengwattana 10 Intersection 9-1-8 (Mi Suk 4/1) , Thung Song Hong Sub-district, Lak Si District, Bangkok",082-6481546,-,-,-
144," เจี่ยง แซม จำกัด","CHIANG SAM RECRUITMENT CO.,LTD.",นางสาวประภาพร เจี่ยง,Miss Prapaporn Chiang,ต.1286/2567,Tor 1286/2567,188/89 ซอยลาดพร้าว 84 (สังคมสงเคราะห์ใต้ 1) แขวงวังทองหลาง เขตวังทองหลาง กรุงเทพมหานคร 10310,"188/89 Soi Lat phrao 84 (Sangkhom songkhrotai 1), Wang Thonglang Sub-district, Wang Thonglang",084-8067168,-,-,-
145," สิริรินทร์ อินเตอร์เนชั่นแนล (ไทยแลนด์) จำกัด","SIRIRIN INTERNATIONAL RECRUITMENT (THAILAND) CO.,LTD.",นางสาวสิริรินทร์ แซ่จาง,Miss Siririn Saechang,ต.1287/2567,Tor 1287/2567,169/21 หมู่บ้าน ชวนชื่นซิตี้ วัชรพล-รามอินทรา ซอยคู้บอน 27 แยก 11 แขวงท่าแร้ง เขตบางเขน กรุงเทพมหานคร 10220,"169/21 Chuan Chuen City Village Watcharaphol-Ramintra, Soi Khubon 27 Intersection 11, Tharaeng Sub-district, Bangkhen District, Bangkok,",065-5736588,-,-,-
146," แกรนด์ เซอร์วิส ซัพพลาย จำกัด","GRAND SERVICE SUPPLY RECRUITMENT CO.,LTD.",นายสุทัศน์ อัศวคีรี,Mr.Suthat Aksawakhiri,ต.1288/2567,Tor 1288/2567,119/207 ซอยนวมินทร์ 101 แขวงนวมินทร์ เขตบึงกุ่ม กรุงเทพมหานคร 10240,"119/207 Soi Nawamin 101, Nawamin Sub-district, Bueng Kum District, Bangkok",02-9307214,-,-,-
147," โอเอส ครอส บอร์เดอร์ จำกัด","OS CROSS BORDER RECRUITMENT CO.,LTD.",นางณราวดี ยิ่งทนดี,Mrs.Narawadee Yingthondee,ต.1289/2568,Tor 1289/2568,111/45 หมู่บ้าน อมตะเซ็นเตอร์ หมู่ที่ 6 ตําบลดอนหัวฬ่อ อำเภอเมืองชลบุรี จังหวัดชลบุรี,"111/45 Amata Center Village Moo 6, Donhualo Sub-district, Mueang Chonburi District, Chonburi Province",082-7824846,-,-,-
148," เอ็นเจ เอเจนซี่ เชียงใหม่ จำกัด","NJ AGENCY CHIANGMAI RECRUITMENT CO.,LTD.",นาง ภาวิณี ฤทธิศักดิ์ชลเดช,Mrs. Pawinee Rittisakchonladet,ต.1290/2568,Tor 1290/2568,130/3 ถนนระแกง ตําบลช้างคลาน อำเภอเมืองเชียงใหม่ จังหวัดเชียงใหม่,-,085-8455739,-,-,-
149," บิ๊กวัน ซัพพลาย จำกัด","BIG ONE SUPPLY MANPOWER CO.,LTD.",นางสาวณฐพร เสรีรัตนากร,Miss Nathaporn Serirattanakon,ต.1291/2568,Tor 1291/2568,256/23 ถนนยมราช ตําบลในเมือง อำเภอเมืองนครราชสีมา จังหวัดนครราชสีมา 30000,"256/23 Yommarat Road, Nai Mueang Subdistrict, Mueang Nakhon Ratchasima District, Nakhon Ratchasima Province 30000",044-003464,-,-,-
150," เอ็น.ไอ.ที แมนเพาเวอร์ (ไทยแลนด์) จำกัด","N.I.T MANPOWER (THAILAND) CO.,LTD.",นางสาวณิชาภัทร แก้วกาญจนดิษฐ,Miss Nichaphat Kaewkarnjanaditt,ต.1293/2568,Tor 1293/2568,12 ซอยนาคนิวาส 25 ถนนนาคนิวาส แขวงลาดพร้าว เขตลาดพร้าว กรุงเทพมหานคร 10230,"12 Soi Nakniwat 25, Nakniwat Road, Lat Phrao Subdistrict, Lat Phrao District, Bangkok 10230",090-9919535,-,-,-
151," การีมี คอนแทรคติ้ง จำกัด","KARIMI CONTRACTING MANPOWER CO.,LTD.",นางสาวสาน่า จีลานิ,Miss SANA GILANI,ต.1294/2568,Tor 1294/2568,60/347 ซอยรามอินทรา 42 แยก 4 แขวงนวลจันทร์ เขตบึงกุ่ม กรุงเทพมหานคร 10230,"60/347 Soi Ram Intra 42, Yaek 4, Nawamin Subdistrict, Bueng Kum District, Bangkok 10230",029664954-5,-,-,-
152," วิสดอม ออฟ เวิร์ค จำกัด","KARIMI CONTRACTING MANPOWER CO.,LTD.",นางสาว กัญญพัชร์ สินสิริภัทร,Miss KANYAPAT SINSIRIPAT,ต.1295/2568,Tor 1295/2568,408 ถนนประชาอุทิศ แขวงห้วยขวาง เขตห้วยขวาง กรุงเทพมหานคร 10310,"408 Pracha Uthit Road, Huai Khwang Subdistrict, Huai Khwang District, Bangkok 10310",094-4294564,-,-,"ชื่อบริษัทอังกฤษในแหล่งข้อมูล (KARIMI CONTRACTING MANPOWER CO.,LTD.) ดูไม่ตรงกับชื่อบริษัทไทย"
153," วี ดรากอน (ชัยภูมิ) จำกัด","V.DRAGON (CHAIYAPHUM) RECRUITMENT CO.,LTD.",นายดนุสรณ์ เหมาเพชร์,Mr.DANUSON MAOPHET,ต.1296/2568,Tor 1296/2568,120-121 หมู่ที่ 12 ตําบลในเมือง อำเภอเมืองชัยภูมิ จังหวัดชัยภูมิ 36000,"120-121 Moo. 12, Nai Mueang Subdistrict, Mueang Chaiyaphum District, Chaiyaphum Province",081-6317133,-,-,-
154," วี.ดรากอน (อุดรธานี ) จำกัด","V.DRAGON (UDONTHANI) RECRUITMENT CO.,LTD.",นางสาวพิราภรณ์ สิงห์เสนา,Miss.Piraporn singsena,ต.1297/2568,Tor 1297/2568,246/2 หมู่ที่ 7 ซอยบ้านเก่าหน้อย ตําบลหมากแข้ง อำเภอเมืองอุดรธานี จังหวัดอุดรธานี,"246/2 Moo. 7, Soi Ban Kao Noi , Mak Khaeng Subdistrict, Mueang Udon Thani District, Udon Thani Province",081-6317131,-,-,-
155," ไอ แอม คอนสตรัคชั่น แอนด์ ซัพพลาย จำกัด","I AM CONSTRUCTION AND SUPPLY RECRUITMENT CO.,LTD.",นายสุรพันธ์ กล่อมแก้ว,Mr.Surapan Klomkaew,ต.1298/2568,Tor 1298/2568,222/151 หมู่ที่ 7 ตําบลพลูตาหลวง อำเภอสัตหีบ จังหวัดชลบุรี 20180,"222/151 Moo. 7, Plutaluang Subdistrict, Sattahip District, Chonburi Province 20180",088-2041423,-,-,-
156," วินเนอร์96 เมเนจเม้นท์ จำกัด","WINNER96 MANAGEMENT MANPOWER CO.,LTD.",นางพัชราภา ลี,Mrs.PATCHARAPA LEE,ต.1299/2568,Tor 1299/2568,170/124 หมู่ที่ 3 ถนนพระยาสัจจา ตําบลเสม็ด อำเภอเมืองชลบุรี จังหวัดชลบุรี,"170/124 Moo. 3, Phraya Satta Road, Samet Subdistrict, Mueang Chonburi District,",064-9607917,-,-,-
157," เซฟกรุ๊ป 2024 จำกัด",SAFE GROUP 2024,นางสุกัญญา บุญต่าย,Mrs.SUKANYA BUNTAI,ต.1300/2568,Tor 1300/2568,232 ซอยอรุณอมรินทร์ 30 ถนนอรุณอมรินทร์ แขวงบางยี่ขัน เขตบางพลัด กรุงเทพมหานคร,"232 Soi Arun Amarin 30, Arun Amarin Road, Bang Yi Khan Subdistrict, Bang Phlat District, Bangkok",086-3035470,-,-,-
158," พีพีแอล ควอลิตี้ สตาฟ จำกัด","PPL QUALITY STAFF RECRUITMENT CO.,LTD.",นางสาวนัดดา ส่งแสงโปร่งมณี,Miss Nadda Songsangprongmanee,ต.1301/2568,Tor 1301/2568,22/1 ชั้น 3 ซอยบางบอน 5 ซอย 5 แขวงบางบอนเหนือ เขตบางบอน กรุงเทพมหานคร,"22/1, 3rd Floor, Soi Bang Bon 5, Soi 5, Bang Bon Nuea Subdistrict, Bang Bon District, Bangkok",064-1424626,-,-,-
159," บีเจซี เวิร์ค คอนเน็กซ์ จำกัด","BJC WORK CONNEXT PLACEMENT CO.,LTD",นางสาว จรรยา ไชยวงศ์,Miss Janya Chaiwong,ต.1302/2568,Tor 1302/2568,267 ซอยอินทราภรณ์ แขวงพลับพลา เขตวังทองหลาง กรุงเทพมหานคร 10310,-,098-8169895,-,-,-